{
  "IcoMoonType": "selection",
  "icons": [
    {
      "icon": {
        "paths": [
          "M853.468 170.694h-682.774c-46.941 0-84.892 38.406-84.892 85.347l-0.455 512.081c0 46.941 38.406 85.347 85.347 85.347h682.774c46.941 0 85.347-38.406 85.347-85.347v-512.081c0-46.941-38.406-85.347-85.347-85.347zM836.399 352.084l-301.673 188.56c-6.441 4.026-14.264 6.414-22.645 6.414s-16.205-2.388-22.828-6.52l0.182 0.106-301.673-188.56c-10.742-6.422-17.823-17.991-17.823-31.214 0-20.017 16.227-36.244 36.244-36.244 7.443 0 14.361 2.243 20.117 6.091l-0.132-0.083 285.912 178.773 285.912-178.83c5.624-3.765 12.542-6.008 19.985-6.008 20.017 0 36.244 16.227 36.244 36.244 0 13.223-7.081 24.792-17.658 31.122l-0.165 0.092z"
        ],
        "attrs": [
          {}
        ],
        "isMulticolor": false,
        "isMulticolor2": false,
        "grid": 0,
        "tags": [
          "form-mail-icon"
        ]
      },
      "attrs": [
        {}
      ],
      "properties": {
        "order": 20,
        "id": 2,
        "name": "form-mail-icon",
        "prevSize": 32
      },
      "setIdx": 0,
      "setId": 5,
      "iconIdx": 0
    },
    {
      "icon": {
        "paths": [
          "M512.081 512.081c94.271 0 170.694-76.422 170.694-170.694s-76.422-170.694-170.694-170.694v0c-94.271 0-170.694 76.422-170.694 170.694s76.422 170.694 170.694 170.694v0zM512.081 597.428c-113.966 0-341.387 57.182-341.387 170.694v42.673c0 23.442 19.175 42.673 42.673 42.673h597.428c23.442 0 42.673-19.231 42.673-42.673v-42.673c0-113.511-227.478-170.694-341.387-170.694z"
        ],
        "attrs": [
          {
            "fill": "rgb(33, 150, 243)"
          }
        ],
        "isMulticolor": false,
        "isMulticolor2": false,
        "grid": 0,
        "tags": [
          "form-name-icon"
        ]
      },
      "attrs": [
        {
          "fill": "rgb(33, 150, 243)"
        }
      ],
      "properties": {
        "order": 21,
        "id": 1,
        "name": "form-name-icon",
        "prevSize": 32
      },
      "setIdx": 0,
      "setId": 5,
      "iconIdx": 1
    },
    {
      "icon": {
        "paths": [
          "M796.343 632.875l-104.578-11.949c-2.874-0.357-6.2-0.561-9.574-0.561-22.635 0-43.128 9.172-57.964 24.003l-75.788 75.788c-117.434-60.612-210.757-153.953-269.72-267.946l-1.626-3.457 76.243-76.072c14.832-14.828 24.006-35.314 24.006-57.943 0-3.381-0.205-6.714-0.603-9.988l0.039 0.394-11.949-103.782c-4.952-41.202-39.698-72.829-81.832-72.829-0.036 0-0.071 0-0.107 0l-71.231-0c-46.542 0-85.233 38.691-82.388 85.233 21.849 351.629 303.095 632.42 654.326 654.269 46.486 2.845 85.233-35.846 85.233-82.388v-71.236c0.001-0.117 0.001-0.256 0.001-0.396 0-41.855-31.515-76.349-72.11-81.047l-0.379-0.036z"
        ],
        "attrs": [
          {}
        ],
        "isMulticolor": false,
        "isMulticolor2": false,
        "grid": 0,
        "tags": [
          "form-tel-icon"
        ]
      },
      "attrs": [
        {}
      ],
      "properties": {
        "order": 22,
        "id": 0,
        "name": "form-tel-icon",
        "prevSize": 32
      },
      "setIdx": 0,
      "setId": 5,
      "iconIdx": 2
    }
  ],
  "height": 1024,
  "preferences": {
    "showGlyphs": true,
    "showCodes": true,
    "showQuickUse": true,
    "showQuickUse2": true,
    "showSVGs": true,
    "fontPref": {
      "prefix": "icon-",
      "metadata": {},
      "metrics": {
        "emSize": 1024,
        "baseline": 6.25,
        "whitespace": 50
      }
    },
    "imagePref": {
      "prefix": "icon-",
      "png": false,
      "useClassSelector": false,
      "color": 0,
      "bgColor": 16777215,
      "name": "",
      "classSelector": ".icon",
      "height": 32,
      "columns": 16,
      "margin": 16
    },
    "historySize": 50,
    "gridSize": 16,
    "showGrid": false
  }
}